{"count":1,"self":28.232758399999998,"total":30.700059999999997,"children":{"InitializeActuators":{"count":148,"self":0.0025599999999999998,"total":0.0025599999999999998,"children":null},"InitializeSensors":{"count":148,"self":0.0017239999999999998,"total":0.0017239999999999998,"children":null},"AgentSendState":{"count":151318,"self":0.12264399999999999,"total":0.41484499999999996,"children":{"CollectObservations":{"count":11078,"self":0.262167,"total":0.262167,"children":null},"WriteActionMask":{"count":11078,"self":0.008538,"total":0.008538,"children":null},"RequestDecision":{"count":11078,"self":0.021495999999999998,"total":0.021495999999999998,"children":null}}},"DecideAction":{"count":151318,"self":1.976418,"total":1.976418,"children":null},"AgentAct":{"count":151318,"self":0.07002,"total":0.07002,"children":null}},"gauges":{"Victim.CumulativeReward":{"count":268,"max":290,"min":9.95,"runningAverage":119.439781,"value":130,"weightedAverage":116.893539}},"metadata":{"timer_format_version":"0.1.0","start_time_seconds":"1666358986","unity_version":"2021.3.0f1","command_line_arguments":"\/home\/sestini\/Unity\/Hub\/Editor\/2021.3.0f1\/Editor\/Unity -projectpath \/home\/sestini\/Scrivania\/AIGameJam -useHub -hubIPC -cloudEnvironment production -hubSessionId 857def60-4eba-11ed-b67a-65a0e7b693de","communication_protocol_version":"1.5.0","com.unity.ml-agents_version":"2.0.1","scene_name":"SampleScene","end_time_seconds":"1666359017"}}