{"count":1,"self":2.78719,"total":2.796543,"children":{"InitializeActuators":{"count":11,"self":0.0021809999999999998,"total":0.0021809999999999998,"children":null},"InitializeSensors":{"count":11,"self":0.0016179999999999999,"total":0.0016179999999999999,"children":null},"AgentSendState":{"count":2461,"self":0.0012209999999999999,"total":0.0012209999999999999,"children":null},"DecideAction":{"count":2461,"self":0.002763,"total":0.002763,"children":null},"AgentAct":{"count":2461,"self":0.00097399999999999993,"total":0.00097399999999999993,"children":null}},"gauges":{},"metadata":{"timer_format_version":"0.1.0","start_time_seconds":"1666862520","unity_version":"2021.3.0f1","command_line_arguments":"\/home\/sestini\/Unity\/Hub\/Editor\/2021.3.0f1\/Editor\/Unity -projectpath \/home\/sestini\/Scrivania\/AIGameJam -useHub -hubIPC -cloudEnvironment production -hubSessionId 415b4fc0-5519-11ed-af97-5b3f144630d6","communication_protocol_version":"1.5.0","com.unity.ml-agents_version":"2.0.1","scene_name":"Tutorial","end_time_seconds":"1666862523"}}